[
    {
        "key": "group_6667ec60abaf0",
        "title": "group_tabs",
        "fields": [
            {
                "key": "field_6667ec60b570e",
                "label": "Tabs",
                "name": "tabs",
                "aria-label": "",
                "type": "repeater",
                "instructions": "",
                "required": 0,
                "conditional_logic": 0,
                "wrapper": {
                    "width": "",
                    "class": "",
                    "id": ""
                },
                "layout": "block",
                "pagination": 0,
                "min": 0,
                "max": 0,
                "collapsed": "",
                "button_label": "Add Row",
                "rows_per_page": 20,
                "sub_fields": [
                    {
                        "key": "field_6667ec60bce72",
                        "label": "tab_title",
                        "name": "tab_label",
                        "aria-label": "",
                        "type": "text",
                        "instructions": "",
                        "required": 0,
                        "conditional_logic": 0,
                        "wrapper": {
                            "width": "",
                            "class": "",
                            "id": ""
                        },
                        "default_value": "",
                        "maxlength": "",
                        "placeholder": "",
                        "prepend": "",
                        "append": "",
                        "parent_repeater": "field_6667ec60b570e"
                    },
                    {
                        "key": "field_66682b9be3fd9",
                        "label": "background for tab",
                        "name": "background_for_tab",
                        "aria-label": "",
                        "type": "image",
                        "instructions": "",
                        "required": 0,
                        "conditional_logic": 0,
                        "wrapper": {
                            "width": "",
                            "class": "",
                            "id": ""
                        },
                        "return_format": "url",
                        "library": "all",
                        "min_width": "",
                        "min_height": "",
                        "min_size": "",
                        "max_width": "",
                        "max_height": "",
                        "max_size": "",
                        "mime_types": "",
                        "preview_size": "medium",
                        "parent_repeater": "field_6667ec60b570e"
                    },
                    {
                        "key": "field_6667ec60d71cd",
                        "label": "recommend",
                        "name": "recommend",
                        "aria-label": "",
                        "type": "wysiwyg",
                        "instructions": "",
                        "required": 0,
                        "conditional_logic": 0,
                        "wrapper": {
                            "width": "",
                            "class": "",
                            "id": ""
                        },
                        "default_value": "",
                        "tabs": "all",
                        "toolbar": "full",
                        "media_upload": 1,
                        "delay": 0,
                        "parent_repeater": "field_6667ec60b570e"
                    },
                    {
                        "key": "field_6667ec60d3639",
                        "label": "person",
                        "name": "person",
                        "aria-label": "",
                        "type": "group",
                        "instructions": "",
                        "required": 0,
                        "conditional_logic": 0,
                        "wrapper": {
                            "width": "",
                            "class": "",
                            "id": ""
                        },
                        "layout": "block",
                        "parent_repeater": "field_6667ec60b570e",
                        "sub_fields": [
                            {
                                "key": "field_6667ec6164978",
                                "label": "name",
                                "name": "name",
                                "aria-label": "",
                                "type": "text",
                                "instructions": "",
                                "required": 0,
                                "conditional_logic": 0,
                                "wrapper": {
                                    "width": "",
                                    "class": "",
                                    "id": ""
                                },
                                "default_value": "",
                                "maxlength": "",
                                "placeholder": "",
                                "prepend": "",
                                "append": ""
                            },
                            {
                                "key": "field_6667ec61683d1",
                                "label": "title",
                                "name": "title",
                                "aria-label": "",
                                "type": "text",
                                "instructions": "",
                                "required": 0,
                                "conditional_logic": 0,
                                "wrapper": {
                                    "width": "",
                                    "class": "",
                                    "id": ""
                                },
                                "default_value": "",
                                "maxlength": "",
                                "placeholder": "",
                                "prepend": "",
                                "append": ""
                            },
                            {
                                "key": "field_6667ec616bf03",
                                "label": "image78",
                                "name": "image78",
                                "aria-label": "",
                                "type": "image",
                                "instructions": "",
                                "required": 0,
                                "conditional_logic": 0,
                                "wrapper": {
                                    "width": "",
                                    "class": "",
                                    "id": ""
                                },
                                "return_format": "url",
                                "library": "all",
                                "min_width": "",
                                "min_height": "",
                                "min_size": "",
                                "max_width": "",
                                "max_height": "",
                                "max_size": "",
                                "mime_types": "",
                                "preview_size": "medium"
                            }
                        ]
                    },
                    {
                        "key": "field_6667f7b5cd8a5",
                        "label": "logo for company",
                        "name": "logoc90",
                        "aria-label": "",
                        "type": "image",
                        "instructions": "",
                        "required": 0,
                        "conditional_logic": 0,
                        "wrapper": {
                            "width": "",
                            "class": "",
                            "id": ""
                        },
                        "return_format": "url",
                        "library": "all",
                        "min_width": "",
                        "min_height": "",
                        "min_size": "",
                        "max_width": "",
                        "max_height": "",
                        "max_size": "",
                        "mime_types": "",
                        "preview_size": "medium",
                        "parent_repeater": "field_6667ec60b570e"
                    },
                    {
                        "key": "field_6667ec60c08e0",
                        "label": "logo_gallery",
                        "name": "logo_gallery",
                        "aria-label": "",
                        "type": "gallery",
                        "instructions": "",
                        "required": 0,
                        "conditional_logic": 0,
                        "wrapper": {
                            "width": "",
                            "class": "",
                            "id": ""
                        },
                        "return_format": "array",
                        "library": "all",
                        "min": "",
                        "max": "",
                        "min_width": "",
                        "min_height": "",
                        "min_size": "",
                        "max_width": "",
                        "max_height": "",
                        "max_size": "",
                        "mime_types": "",
                        "insert": "append",
                        "preview_size": "medium",
                        "parent_repeater": "field_6667ec60b570e"
                    },
                    {
                        "key": "field_6667ec60c43bc",
                        "label": "urls",
                        "name": "urls355",
                        "aria-label": "",
                        "type": "group",
                        "instructions": "",
                        "required": 0,
                        "conditional_logic": 0,
                        "wrapper": {
                            "width": "",
                            "class": "",
                            "id": ""
                        },
                        "layout": "block",
                        "parent_repeater": "field_6667ec60b570e",
                        "sub_fields": [
                            {
                                "key": "field_6667ec6151c8f",
                                "label": "Link description",
                                "name": "link_description255",
                                "aria-label": "",
                                "type": "text",
                                "instructions": "",
                                "required": 0,
                                "conditional_logic": 0,
                                "wrapper": {
                                    "width": "",
                                    "class": "",
                                    "id": ""
                                },
                                "default_value": "",
                                "maxlength": "",
                                "placeholder": "",
                                "prepend": "",
                                "append": ""
                            },
                            {
                                "key": "field_6667ec615570c",
                                "label": "link",
                                "name": "link255",
                                "aria-label": "",
                                "type": "url",
                                "instructions": "",
                                "required": 0,
                                "conditional_logic": 0,
                                "wrapper": {
                                    "width": "",
                                    "class": "",
                                    "id": ""
                                },
                                "default_value": "",
                                "placeholder": ""
                            }
                        ]
                    },
                    {
                        "key": "field_6667ec60cfa6f",
                        "label": "percentage",
                        "name": "percentage",
                        "aria-label": "",
                        "type": "wysiwyg",
                        "instructions": "",
                        "required": 0,
                        "conditional_logic": 0,
                        "wrapper": {
                            "width": "",
                            "class": "",
                            "id": ""
                        },
                        "default_value": "",
                        "tabs": "all",
                        "toolbar": "full",
                        "media_upload": 1,
                        "delay": 0,
                        "parent_repeater": "field_6667ec60b570e"
                    }
                ]
            }
        ],
        "location": [
            [
                {
                    "param": "post_type",
                    "operator": "==",
                    "value": "tabs_group"
                }
            ]
        ],
        "menu_order": 0,
        "position": "normal",
        "style": "default",
        "label_placement": "top",
        "instruction_placement": "label",
        "hide_on_screen": "",
        "active": true,
        "description": "",
        "show_in_rest": 0
    }
]
